{"cameraMode":{"drawMode":0,"name":"Shaded","section":"Shading Mode"},"sceneLighting":true,"audioPlay":false,"sceneViewState":{"m_AlwaysRefresh":false,"showFog":true,"showSkybox":true,"showFlares":true,"showImageEffects":true,"showParticleSystems":true,"showVisualEffectGraphs":true,"m_FxEnabled":true},"in2DMode":false,"pivot":{"x":2.5057590007781984,"y":1.8506338596343995,"z":8.081871032714844},"rotation":{"x":-0.03704187273979187,"y":0.6619246602058411,"z":-0.032807108014822009,"w":-0.7479858994483948},"size":13.891462326049805,"orthographic":true}