{"cameraMode":{"drawMode":0,"name":"Shaded","section":"Shading Mode"},"sceneLighting":true,"audioPlay":false,"sceneViewState":{"m_AlwaysRefresh":false,"showFog":true,"showSkybox":true,"showFlares":true,"showImageEffects":true,"showParticleSystems":true,"showVisualEffectGraphs":true,"m_FxEnabled":true},"in2DMode":false,"pivot":{"x":320.57855224609377,"y":181.13478088378907,"z":-16.765466690063478},"rotation":{"x":0.17607754468917848,"y":2.2845573255381169e-7,"z":-2.408499177875001e-8,"w":0.9843771457672119},"size":287.9178466796875,"orthographic":true}